name,is_private,num_apps,perc_accept,perc_top10,num_fulltime,perc_fulltime,cost_tuition,cost_room_board,perc_terminal,ratio_student_faculty,perc_alumni,cost_expenditure,perc_graduate
Abilene Christian University,1,1660,74,23,2885,84,7440,3300,78,18.1,12,7041,60
Adelphi University,1,2186,88,16,2683,68,12280,6450,30,12.2,16,10527,56
Adrian College,1,1428,76,22,1036,91,11250,3750,66,12.9,30,8735,54
Agnes Scott College,1,417,83,60,510,89,12960,5450,97,7.7,37,19016,59
Alaska Pacific University,1,193,75,16,249,22,7560,4120,72,11.9,2,10922,15
Albertson College,1,587,81,38,678,94,13500,3335,73,9.4,11,9727,55
Albertus Magnus College,1,353,96,17,416,64,13290,5720,93,11.5,26,8861,63
Albion College,1,1899,90,37,1594,98,13868,4826,100,13.7,37,11487,73
Albright College,1,1038,80,30,973,76,15595,4400,84,11.3,23,11644,80
Alderson-Broaddus College,1,582,85,21,799,91,10468,3380,41,11.5,15,8991,52
Alfred University,1,1732,82,37,1830,94,16548,5406,88,11.3,31,10932,73
Allegheny College,1,2652,71,44,1707,97,17080,4440,91,9.9,41,11711,76
Allentown Coll. of St. Francis de Sales,1,1179,66,38,1130,63,9690,4785,84,13.3,21,7940,74
Alma College,1,1267,85,44,1306,97,12572,4552,87,15.3,32,9305,68
Alverno College,1,494,63,23,1317,51,8352,3640,69,11.1,26,8127,55
American International College,1,1420,76,9,1018,78,8700,4780,84,14.7,19,7355,69
Amherst College,1,4302,23,83,1593,99,19760,5300,98,8.4,63,21424,100
Anderson University,1,1216,74,19,1819,86,10100,3520,61,12.1,14,7994,59
Andrews University,1,1130,62,14,1586,82,9996,3090,66,11.5,18,10908,46
Angelo State University,0,3540,56,24,4190,73,5130,3592,62,23.1,5,4010,34
Antioch University,1,713,92,25,712,96,15476,3336,82,11.3,35,42926,48
Appalachian State University,0,7313,63,20,9940,90,6806,2540,96,18.3,14,5854,70
Aquinas College,1,619,83,20,1251,61,11208,4124,65,12.7,25,6584,65
Arizona State University Main campus,0,12809,80,24,22593,74,7434,4850,93,18.9,5,4602,48
Arkansas College (Lyon College),1,708,47,46,530,74,8644,3922,88,12.6,24,14579,54
Arkansas Tech University,0,1734,99,12,3602,79,3460,2650,60,19.6,5,4739,48
Assumption College,1,2135,79,23,1708,71,12000,5920,93,13.8,30,7100,88
Auburn University-Main Campus,0,7548,89,25,16262,90,6300,3933,91,16.7,18,6642,69
Augsburg College,1,662,77,12,2074,74,11902,4372,65,12.8,31,7836,58
Augustana College IL,1,1879,88,36,1950,98,13353,4173,83,12.7,40,9220,71
Augustana College,1,761,95,21,1337,81,10990,3244,70,10.4,30,6871,69
Austin College,1,948,84,42,1120,98,11280,4342,95,13.0,33,11361,71
Averett College,1,627,88,16,777,59,9925,4135,67,22.4,11,6523,48
Baker University,1,602,80,21,958,67,8620,4100,68,11.0,21,6136,65
Baldwin-Wallace College,1,1690,80,30,2718,65,10995,4410,74,17.6,20,8086,85
Barat College,1,261,73,15,453,63,9690,4300,77,9.7,35,9337,71
Bard College,1,1910,43,50,1004,98,19264,6206,98,10.4,30,13894,79
Barnard College,1,2496,56,53,2121,96,17926,8124,93,10.3,33,12580,91
Barry University,1,990,79,18,1811,36,11290,5360,78,12.6,11,9084,72
Baylor University,1,6075,88,34,9919,95,6450,3920,76,18.5,38,7503,72
Beaver College,1,1163,73,23,878,62,12850,5400,89,12.2,30,8954,73
Bellarmine College,1,807,87,39,1198,66,8840,2950,82,13.1,31,6668,84
Belmont Abbey College,1,632,78,17,709,84,9000,4850,85,13.2,10,7550,52
Belmont University,1,1220,79,28,1964,75,7800,3664,61,11.1,19,7614,49
Beloit College,1,1320,69,26,1085,93,16304,3616,95,11.1,26,12957,69
Bemidji State University,0,1208,72,12,3796,82,4425,2700,62,19.6,16,3752,46
Benedictine College,1,632,98,14,702,58,9550,3850,84,14.1,18,5922,58
Bennington College,1,519,63,25,457,99,21700,4100,59,10.1,33,16364,55
Bentley College,1,3466,67,20,3095,66,13800,5510,87,17.5,20,10941,82
Berry College,1,1858,65,37,1620,97,8050,3940,80,16.3,17,10511,63
Bethany College,1,878,92,16,706,91,8740,3363,68,11.6,29,7718,48
Bethel College KS,1,202,91,19,537,84,8540,3580,80,8.8,32,8324,56
Bethel College,1,502,76,11,347,82,6200,2900,63,11.7,13,7623,35
Bethune Cookman College,1,1646,69,12,2128,96,5188,3396,48,13.8,9,6817,58
Birmingham-Southern College,1,805,73,67,1376,86,11660,4325,79,14.0,34,8649,72
Blackburn College,1,500,67,25,421,93,6500,2700,76,14.3,53,8377,51
Bloomsburg Univ. of Pennsylvania,0,6773,44,15,5847,86,7844,2948,68,18.0,19,7041,75
Bluefield College,1,377,94,15,653,83,7150,4350,67,17.8,3,6259,53
Bluffton College,1,692,74,20,760,90,9900,3990,71,13.3,19,9073,58
Boston University,1,20192,64,45,14971,82,18420,6810,81,11.9,16,16836,72
Bowdoin College,1,3356,30,76,1490,99,19030,5885,96,11.2,52,20447,96
Bowling Green State University,0,9251,79,14,13699,91,7452,3352,89,21.1,14,6918,67
Bradford College,1,443,74,5,453,91,14080,6270,80,10.2,21,15387,46
Bradley University,1,3767,90,30,4531,87,10870,4440,81,14.4,21,7671,85
Brandeis University,1,4186,65,48,2819,97,19380,6750,97,9.8,24,17150,84
Brenau University,1,367,74,12,917,65,9592,5879,80,13.7,12,5935,49
Brewton-Parker College,1,1436,85,10,1320,61,4371,2370,62,12.6,10,4900,18
Briar Cliff College,1,392,89,16,738,63,10260,3597,66,13.1,26,8355,58
Bridgewater College,1,838,80,22,881,94,10265,4725,73,13.2,24,8655,82
Brigham Young University at Provo,1,7365,73,48,27378,95,2340,3580,76,20.5,40,7916,33
Brown University,1,12586,25,87,5643,94,19528,5926,100,7.6,39,20440,97
Bryn Mawr College,1,1465,55,71,1088,98,18165,6750,100,12.3,49,17449,89
Bucknell University,1,6548,58,49,3316,99,18550,4750,97,14.2,36,13675,93
Buena Vista College,1,860,80,32,1928,81,13306,3797,69,8.8,10,6333,78
Butler University,1,2362,86,40,2607,94,13130,4650,81,10.9,29,9511,83
Cabrini College,1,599,82,8,1035,69,10518,6250,76,16.5,36,7117,71
Caldwell College,1,1011,59,17,693,44,8900,4600,96,13.9,25,7922,55
California Lutheran University,1,563,43,23,1427,76,12950,5300,74,12.4,17,8985,60
California Polytechnic-San Luis,0,7811,48,47,12911,90,7380,4877,81,19.8,13,8453,59
California State University at Fresno,0,4540,72,5,13494,91,7706,4368,90,21.2,8,7268,61
Calvin College,1,1784,84,29,3401,96,10230,3710,81,14.8,41,7786,81
Campbell University,1,2087,64,20,3191,72,7550,2790,77,21.8,34,3739,63
Campbellsville College,1,848,69,25,935,83,6060,3070,66,17.7,13,5391,49
Canisius College,1,2853,76,16,2978,87,10750,5340,92,14.6,26,7972,64
Capital University,1,1747,79,34,1662,63,13050,4000,69,12.1,27,9557,83
Capitol College,1,100,90,10,282,46,8400,2812,50,12.1,24,7976,52
Carleton College,1,2694,58,75,1870,99,19292,3957,93,10.4,60,17960,91
Carnegie Mellon University,1,8728,59,60,4265,93,17900,5690,93,9.2,31,24386,74
Carroll College,1,1160,85,19,1357,64,12200,3880,81,17.8,25,7666,79
Carson-Newman College,1,1096,86,27,1776,88,8150,3150,62,13.6,16,6716,67
Carthage College,1,1616,88,20,1405,70,13125,3775,89,15.9,22,7364,62
Case Western Reserve University,1,3877,81,71,3051,85,15700,4730,95,2.9,29,19733,67
Castleton State College,0,1257,74,9,1547,84,7656,4690,91,14.7,8,6318,79
Catawba College,1,1083,81,13,915,91,9270,4100,82,13.5,27,8425,55
Catholic University of America,1,1754,83,24,2159,91,13712,6408,96,9.3,18,12751,75
Cazenovia College,1,3847,89,9,1010,98,9384,4840,47,14.3,20,7697,118
Cedar Crest College,1,776,78,25,791,50,14340,5285,83,11.7,39,10961,74
Cedarville College,1,1307,83,25,2196,96,7344,4410,52,15.3,34,6897,64
Centenary College,1,369,84,12,396,42,11400,5400,85,9.5,20,9583,24
Centenary College of Louisiana,1,495,87,35,775,94,8950,3490,92,11.3,25,9685,66
Center for Creative Studies,1,601,65,1,525,61,11230,6643,58,6.8,4,13025,47
Central College,1,1283,86,31,1355,97,10938,3660,90,13.5,29,8444,67
Central Connecticut State University,0,4158,60,6,6394,62,5962,4444,73,16.7,4,4900,49
Central Missouri State University,0,4681,87,10,8094,83,4620,3288,80,19.7,4,5501,50
Central Washington University,0,2785,72,8,6507,87,7242,3603,89,18.1,0,6413,51
Central Wesleyan College,1,174,83,8,1047,96,8300,3080,62,15.2,18,3365,58
Centre College,1,1013,87,55,943,99,11850,4270,99,11.4,60,13118,74
Chapman University,1,959,80,23,1662,88,16624,5895,80,12.8,6,12692,47
Chatham College,1,212,92,28,471,76,13500,5230,98,9.3,37,16095,52
Chestnut Hill College,1,342,74,25,518,69,10335,5015,71,8.3,29,7729,73
Christendom College,1,81,88,33,139,97,8730,3600,92,9.3,17,10922,58
Christian Brothers University,1,880,59,16,1068,74,9300,3260,81,11.1,24,8129,63
Christopher Newport University,0,883,86,3,2910,62,7860,4750,82,21.2,16,4639,48
Claflin College,1,1196,58,21,959,98,4412,2460,69,16.9,31,7083,21
Claremont McKenna College,1,1860,41,71,887,99,17000,6010,99,9.6,52,18443,87
Clark University,1,2887,71,30,1928,86,17500,4200,95,10.5,35,11951,79
Clarke College,1,460,73,14,604,63,10740,3676,71,11.0,27,7963,74
Clarkson University,1,2174,89,35,2332,97,15960,5580,95,15.8,32,11659,77
Clemson University,0,8065,65,37,11755,93,8116,3610,88,18.0,17,7597,73
Clinch Valley Coll. of  the Univ. of Virginia,0,689,81,15,1125,72,7168,3689,67,18.1,9,4417,46
Coe College,1,1006,73,29,1127,84,13925,4390,86,12.7,32,10141,67
Coker College,1,604,74,15,690,75,9888,4502,77,12.1,39,8741,75
Colby College,1,2848,46,58,1720,98,18930,5590,94,10.2,41,15954,91
Colgate University,1,4856,51,46,2649,99,19510,5565,98,10.5,45,15494,93
College Misericordia,1,1432,62,29,1121,69,10860,5760,62,12.9,23,8604,96
College of Charleston,0,4772,65,22,6851,85,6120,3460,78,17.2,18,4776,51
College of Mount St. Joseph,1,798,77,14,1165,48,9800,4430,46,11.1,35,6889,100
College of Mount St. Vincent,1,946,68,23,707,62,11790,5770,77,11.9,35,10015,83
College of Notre Dame,1,344,76,11,500,60,12600,5520,80,10.4,7,9773,43
College of Notre Dame of Maryland,1,457,77,35,667,25,11180,5620,64,11.5,32,7477,75
College of Saint Benedict,1,938,92,29,1715,94,12247,4221,88,13.1,26,8847,72
College of Saint Catherine,1,511,80,23,1692,75,12224,4440,87,11.5,32,7315,77
College of Saint Elizabeth,1,444,80,34,493,33,10900,5250,70,11.4,23,9447,78
College of Saint Rose,1,983,67,23,1698,65,9990,5666,71,14.3,28,6084,64
College of Santa Fe,1,546,81,16,873,56,11138,4138,74,14.0,7,8820,80
College of St. Joseph,1,141,83,12,201,53,8300,4850,53,9.5,19,6936,76
College of St. Scholastica,1,672,88,29,1350,83,11844,3696,76,11.6,33,8996,72
College of the Holy Cross,1,2994,56,70,2675,99,18000,6300,96,11.3,55,12138,95
College of William and Mary,0,7117,43,68,5186,97,11720,4298,92,12.1,31,9534,93
College of Wooster,1,2100,89,29,1704,99,16240,4690,96,11.1,43,14140,69
Colorado College,1,3207,49,56,1892,99,17142,4190,97,11.3,51,14664,84
Colorado State University,0,9478,66,29,15646,89,8412,4180,89,19.2,10,7850,59
Columbia College MO,1,314,50,10,690,11,8294,3700,87,15.3,2,5015,37
Columbia College,1,737,83,21,968,80,10425,3975,77,14.7,34,8693,76
Columbia University,1,6756,28,78,3376,98,18624,6664,98,5.9,21,30639,99
Concordia College at St. Paul,1,281,94,13,1049,85,10500,3750,75,12.8,18,6955,45
Concordia Lutheran College,1,232,93,16,534,75,6900,3800,76,12.1,9,6875,42
Concordia University CA,1,688,72,30,641,86,10800,4440,60,13.1,13,8415,55
Concordia University,1,528,76,22,1168,88,9216,4191,64,12.1,13,7309,75
Connecticut College,1,3035,50,42,1630,87,18740,6300,95,10.7,40,14773,91
Converse College,1,440,92,35,643,88,12050,3700,76,10.2,31,10965,75
Cornell College,1,1538,86,33,1140,99,15248,4323,76,12.2,31,10340,64
Creighton University,1,2967,95,30,3450,84,10628,4372,90,6.5,32,22906,85
Culver-Stockton College,1,1576,70,24,992,89,8000,3700,52,14.1,28,5807,51
Cumberland College,1,995,79,26,1306,91,6230,3526,44,13.0,4,8189,63
D'Youville College,1,866,71,18,1074,76,8920,4310,68,14.6,42,6898,46
Dana College,1,504,95,10,550,86,9130,3322,51,12.6,25,8686,54
Daniel Webster College,1,585,86,12,460,46,12292,4934,61,22.2,10,8643,72
Dartmouth College,1,8587,26,87,3918,99,19545,6070,99,4.7,49,29619,98
Davidson College,1,2373,40,77,1601,99,17295,5070,97,12.0,46,17581,94
Defiance College,1,571,80,10,645,69,10850,3670,60,12.8,19,7505,56
Delta State University,0,967,97,15,2806,83,4528,1880,63,17.1,16,5113,58
Denison University,1,2762,82,32,1835,99,16900,4720,97,11.6,45,12423,81
DePauw University,1,1994,83,50,1983,98,14300,5020,94,11.1,31,11525,82
Dickinson College,1,3014,84,31,1889,96,18700,5000,94,11.2,39,13861,87
Dickinson State University,0,434,94,10,1376,85,4486,2146,64,16.5,28,4525,46
Dillard University,1,1998,68,41,1539,97,6700,3650,52,14.1,12,7566,61
Doane College,1,793,89,20,1022,71,9570,3000,72,15.1,42,6852,60
Dominican College of Blauvelt,1,360,91,4,756,46,8310,5500,43,12.7,5,5480,54
Dordt College,1,604,93,25,1048,94,9800,2650,60,12.5,17,7325,87
Dowling College,1,1011,81,9,1059,30,9000,3100,78,12.4,7,11178,42
Drake University,1,2799,91,34,3322,82,13420,4770,93,15.0,24,9473,77
Drew University,1,2153,73,56,1192,93,18432,5616,97,10.2,28,14907,83
Drury College,1,700,92,33,1065,95,8730,3523,92,13.2,35,9303,67
Duke University,1,13789,28,90,6188,99,18590,5950,96,5.0,44,27206,97
Earlham College,1,1358,74,35,1028,98,15036,4056,94,10.6,46,14634,78
East Carolina University,0,9274,68,14,13171,88,7248,3240,78,13.2,18,9002,58
East Tennessee State University,0,3330,81,15,6706,71,5800,3000,75,14.0,9,9825,42
East Texas Baptist University,1,379,89,10,1050,87,4950,2780,62,15.7,7,5619,38
Eastern College,1,458,80,16,1057,74,11190,4800,60,13.6,22,8135,54
Eastern Connecticut State University,0,2172,68,14,2766,64,5962,4316,76,16.9,14,5719,50
Eastern Illinois University,0,5597,75,12,9161,91,5710,3066,71,16.2,5,5682,76
Eastern Mennonite College,1,486,90,19,903,93,9650,3800,65,11.4,29,10188,82
Eastern Nazarene College,1,516,79,17,1238,97,8770,3500,58,17.3,17,6430,70
Eckerd College,1,1422,77,33,1363,98,15360,4080,89,12.8,26,15003,59
Elizabethtown College,1,2417,76,36,1476,83,14190,4400,68,12.8,25,9815,81
Elmira College,1,1457,71,27,1109,68,14990,4980,98,21.5,21,7502,64
Elms College,1,245,84,23,544,55,11800,4765,71,11.3,21,8952,86
Elon College,1,3624,76,11,2933,89,9100,3883,74,18.9,34,6329,63
Embry Riddle Aeronautical University,1,3151,82,14,4772,84,7800,3750,43,16.5,4,12878,44
Emory & Henry College,1,765,84,30,809,96,8578,4408,88,13.9,51,8061,82
Emory University,1,8506,49,76,5544,96,17600,6000,98,5.0,28,28457,96
Emporia State University,0,1256,100,43,3957,87,5401,3144,75,19.3,4,5527,50
Erskine College,1,659,84,47,532,93,10485,3840,80,13.5,47,7527,67
Eureka College,1,560,81,36,484,96,10955,3450,87,10.6,31,9552,53
Evergreen State College,0,1801,61,14,3065,89,6297,4600,78,18.1,14,8355,68
Fairfield University,1,4784,69,30,2984,74,15000,6200,90,15.1,30,11220,94
Fayetteville State University,0,1455,73,1,2632,81,6806,2550,75,15.1,10,6972,24
Ferrum College,1,1339,82,12,1051,92,9400,4200,58,12.5,9,7967,22
Flagler College,1,1415,50,18,1345,96,5120,3200,60,18.1,9,3930,69
Florida Institute of Technology,1,1947,81,39,1863,88,13900,4140,90,10.6,7,8923,57
Florida International University,0,3306,62,42,10208,52,6597,2494,96,13.9,20,6722,66
Florida Southern College,1,1381,75,20,1506,60,8025,4865,74,17.4,10,6339,68
Florida State University,0,11651,74,50,18906,85,6680,4060,89,23.1,15,7250,58
Fontbonne College,1,291,84,16,981,74,8390,4100,55,21.5,24,4607,62
Fordham University,1,4200,68,30,4740,74,14235,6965,97,14.4,14,10864,80
Fort Lewis College,0,3440,82,16,3793,88,6198,3320,97,19.1,6,4362,46
Francis Marion University,0,1801,91,13,3224,88,5840,3138,76,19.1,8,5039,43
Franciscan University of Steubenville,1,553,81,22,1301,84,9650,4400,69,14.9,8,6336,83
Franklin College,1,804,78,29,840,92,10390,4040,78,12.5,37,11751,60
Franklin Pierce College,1,5187,86,3,1818,60,13320,4630,56,17.6,16,6418,51
Freed-Hardeman University,1,895,61,20,1174,95,5500,3340,76,16.1,13,6078,62
Fresno Pacific College,1,346,79,51,704,91,9900,3670,59,10.5,14,8095,54
Furman University,1,2161,90,56,2371,93,13440,4048,95,13.5,28,12940,82
Gannon University,1,2464,77,24,2693,79,10970,4280,51,13.3,18,7711,65
Gardner Webb University,1,1110,83,18,1603,81,8180,4270,58,15.2,12,5664,29
Geneva College,1,668,79,19,1306,83,9476,4820,67,20.1,26,6786,74
George Fox College,1,809,89,27,1271,96,12500,4130,53,13.5,22,7136,52
George Mason University,0,5653,76,17,9528,71,10800,4840,96,19.3,7,6751,46
George Washington University,1,7875,64,38,5471,78,17450,6328,93,7.6,15,14745,72
Georgetown College,1,727,95,30,1063,95,8100,3950,76,13.3,28,7508,55
Georgetown University,1,11115,25,71,5881,93,18300,7131,92,7.2,27,19635,95
Georgia Institute of Technology,0,7837,57,89,8528,92,6489,4438,92,19.3,33,11271,70
Georgia State University,0,3793,61,9,7732,46,6744,2655,89,19.0,10,7762,34
Georgian Court College,1,348,80,12,1095,58,9150,3950,59,12.2,27,7348,76
Gettysburg College,1,3596,68,42,1944,97,19964,4328,95,12.1,32,14720,83
Goldey Beacom College,1,633,73,10,823,46,6120,2985,25,27.6,4,6081,36
Gonzaga University,1,1886,80,31,2523,89,13000,4450,90,14.7,32,9553,69
Gordon College,1,674,83,25,1151,96,12200,4070,82,14.2,32,9226,66
Goshen College,1,440,90,26,910,84,9420,3730,56,9.9,46,10270,72
Goucher College,1,1151,70,40,850,91,15588,6174,90,9.2,34,16623,77
Grace College and Seminary,1,548,78,18,618,84,8958,3670,59,15.3,26,9798,64
Graceland College,1,555,74,14,996,30,9100,3100,61,23.6,24,5609,47
Grand Valley State University,0,5165,75,20,8234,75,6108,3800,66,20.6,9,5063,57
Green Mountain College,1,780,80,7,545,92,11750,2700,83,14.0,24,6475,76
Greensboro College,1,608,81,10,649,67,8330,3770,80,13.0,31,7949,39
Greenville College,1,510,75,20,771,93,10310,4530,61,14.3,16,8222,60
Grinnell College,1,2039,68,56,1333,97,15688,4618,92,9.5,54,18979,83
Grove City College,1,2491,44,57,2213,98,5224,3048,65,18.4,18,4957,100
Guilford College,1,1202,87,18,1410,82,13404,5160,86,15.6,30,9114,65
Gustavus Adolphus College,1,1709,81,36,2281,97,14125,3600,89,12.5,58,9907,80
Gwynedd Mercy College,1,380,62,30,716,39,11000,5550,41,7.8,22,7483,96
Hamilton College,1,3140,56,40,1646,98,19700,5050,96,9.6,60,17761,91
Hamline University,1,1006,82,34,1362,93,13252,4194,93,13.0,33,10296,65
Hampden - Sydney College,1,817,78,20,945,99,13218,4773,97,13.3,53,12263,69
Hampton University,1,7178,52,25,4623,86,7161,3518,64,14.0,9,6791,70
Hanover College,1,1006,83,33,1024,98,8200,3485,84,10.6,26,9248,64
Hardin-Simmons University,1,467,90,16,1365,80,6300,2980,79,13.7,10,7054,38
Harding University,1,1721,62,35,3128,93,5504,3528,77,17.7,37,6466,73
Hartwick College,1,2083,82,22,1464,95,17480,4780,87,12.3,32,11625,73
Harvard University,1,13865,15,90,6862,95,18485,6410,97,9.9,52,37219,100
Harvey Mudd College,1,1377,41,95,654,99,17230,6690,100,8.2,46,21569,100
Hastings College,1,817,86,22,935,96,9376,3272,63,13.0,17,7335,52
Hendrix College,1,823,87,52,954,99,8800,3195,99,13.1,26,8588,63
Hillsdale College,1,920,80,35,1133,96,11090,4700,80,12.0,31,12639,79
Hiram College,1,922,79,37,1000,78,14067,4560,95,10.6,34,12165,79
Hobart and William Smith Colleges,1,2688,77,25,1792,99,19029,5841,99,12.1,37,13040,79
Hofstra University,1,7428,78,25,6534,82,11600,5920,90,13.9,10,10093,60
Hollins College,1,602,82,26,795,91,13470,5515,91,11.1,48,13957,72
Hood College,1,699,80,36,710,64,13960,6040,88,14.4,34,12434,72
Hope College,1,1712,86,37,2505,92,12275,4341,81,12.5,40,9284,72
Houghton College,1,949,82,30,1210,97,9990,3550,90,15.0,24,8187,67
Huntingdon College,1,608,85,26,538,81,8080,3920,72,11.4,9,7703,44
Huntington College,1,450,95,20,488,91,9950,3920,76,11.8,25,9466,47
Huron University,1,600,32,3,392,85,7260,3090,35,12.9,4,9249,21
Husson College,1,723,90,10,951,57,7800,4000,44,22.0,4,4923,84
Illinois Benedictine College,1,607,91,22,1222,70,10500,4348,91,11.6,29,8324,75
Illinois College,1,894,88,28,909,97,8050,3850,75,15.6,30,7348,52
Illinois Institute of Technology,1,1756,77,42,1911,75,14550,4620,88,12.3,26,12851,56
Illinois State University,0,8681,77,10,15701,89,7799,3403,84,21.0,16,5569,54
Illinois Wesleyan University,1,3050,44,55,1818,98,14360,4090,92,12.9,34,9605,83
Immaculata College,1,268,94,16,494,27,10000,5364,64,11.2,33,7305,69
Incarnate Word College,1,1163,79,16,1685,75,8840,4689,69,11.4,21,6095,95
Indiana State University,0,5659,84,10,8596,81,6892,3706,76,16.6,8,6996,40
Indiana University at Bloomington,0,16587,79,25,24763,90,9766,3990,88,21.3,24,8686,68
Indiana Wesleyan University,1,735,57,20,2448,77,9210,3782,51,39.8,15,6562,34
Iona College,1,4892,72,13,3906,72,10690,6790,83,16.0,14,8107,66
Iowa State University,0,8427,88,26,18676,91,7550,3224,88,19.2,22,8420,65
Ithaca College,1,7259,76,23,5612,97,14424,6192,79,11.5,25,9812,75
James Madison University,0,11223,47,32,9652,92,7994,4544,81,17.9,29,5212,98
Jamestown College,1,472,86,14,9950,99,7620,3050,53,17.0,21,3186,54
Jersey City State College,0,2957,48,10,3817,73,3946,4800,67,14.9,10,8367,26
John Brown University,1,605,66,24,961,90,6398,3672,68,13.3,19,8118,75
John Carroll University,1,2421,87,27,3168,88,11700,5550,90,14.5,28,7738,89
Johns Hopkins University,1,8474,40,75,3566,69,18800,6740,97,3.3,38,56233,90
Johnson State College,0,833,80,3,1224,78,7656,4690,91,14.4,15,6564,36
Judson College,1,313,72,10,552,89,9414,4554,55,10.6,30,7840,56
Juniata College,1,1005,85,36,1075,96,14850,4460,97,12.7,37,12067,80
Kansas State University,0,5880,69,25,14914,86,6995,3120,86,18.5,22,6122,54
Kansas Wesleyan University,1,589,97,16,474,64,8400,3250,55,12.4,14,6535,68
Keene State College,0,3121,78,5,3480,81,7870,4157,73,16.1,13,6195,61
Kentucky Wesleyan College,1,584,85,20,662,84,8000,4150,65,11.3,32,7058,62
Kenyon College,1,2212,69,44,1445,99,19240,3690,95,11.1,46,14067,88
Keuka College,1,461,82,10,738,93,9600,4550,94,13.3,43,7863,51
King's College,1,1456,72,20,500,48,10910,5160,72,15.6,37,7649,87
King College,1,355,84,34,509,92,8664,3350,68,10.7,25,8954,65
Knox College,1,1040,81,48,967,97,15747,4062,95,12.7,33,13224,79
La Roche College,1,361,88,10,650,44,8842,4782,73,14.2,14,7022,52
La Salle University,1,2929,62,20,2738,62,12600,5610,90,15.1,9,9084,84
Lafayette College,1,4010,59,36,2018,89,18730,5740,96,10.5,38,15365,92
LaGrange College,1,544,73,15,600,62,6987,3585,83,12.5,12,9067,75
Lake Forest College,1,979,65,31,968,97,16880,3970,94,10.7,19,15687,77
Lakeland College,1,497,90,24,887,31,9400,4005,65,17.2,25,4054,57
Lamar University,0,2336,73,10,5438,57,4752,3040,82,18.4,12,5879,26
Lambuth University,1,831,64,15,840,72,5170,3430,61,16.1,10,5531,60
Lander University,0,1166,86,9,2074,85,4938,2987,77,17.0,11,6119,51
Lawrence University,1,1243,76,50,1129,93,17163,3891,92,10.1,57,13965,77
Le Moyne College,1,1470,81,21,1820,76,11040,4840,92,13.3,28,8118,94
Lebanon Valley College,1,1386,76,28,965,65,13850,4755,84,12.3,30,8196,85
Lehigh University,1,6397,67,40,4298,97,18700,5580,99,12.5,43,14665,91
Lenoir-Rhyne College,1,979,75,25,1188,87,10100,4000,92,12.0,20,8539,66
Lesley College,1,244,81,12,1134,77,11700,5300,88,27.8,18,8694,58
LeTourneau University,1,477,87,29,1532,95,8840,4240,70,20.8,23,6863,56
Lewis and Clark College,1,2774,75,35,1763,96,15800,4790,98,12.3,21,12999,69
Lewis University,1,1154,90,12,2192,60,10560,4520,48,14.3,10,7701,61
Lincoln Memorial University,1,787,71,21,925,60,5950,2890,72,14.6,35,5177,53
Lincoln University,0,1660,65,15,1196,97,4818,3400,72,12.6,8,10912,45
Lindenwood College,1,810,59,6,2155,91,9200,4800,85,24.1,9,3480,100
Linfield College,1,1561,76,48,1548,64,13380,4210,91,17.8,34,8747,81
Livingstone College,1,900,52,22,621,98,4400,3400,93,10.4,16,9268,92
Lock Haven University of Pennsylvania,0,3570,62,17,3390,91,7352,3620,55,16.1,14,6374,63
Longwood College,0,2747,68,12,2874,96,7920,3962,80,18.4,23,5553,62
Loras College,1,1641,78,20,1663,90,11200,4000,62,14.2,24,7578,70
Louisiana College,1,2013,52,33,912,85,5150,3036,74,10.5,11,7547,59
Louisiana State University at Baton Rouge,0,5996,83,29,16269,81,5925,2980,87,15.9,11,6741,37
Louisiana Tech University,0,2397,89,22,6720,78,3957,2325,77,20.0,13,4546,45
Loyola College,1,4076,76,25,3010,94,12990,6300,88,14.7,27,9448,80
Loyola Marymount University,1,3768,70,42,3558,89,13592,5916,88,14.2,10,11677,84
Loyola University,1,1891,89,24,2740,78,11100,5870,88,11.7,14,9456,53
Loyola University Chicago,1,3579,82,25,5244,60,11500,5330,95,6.2,15,13009,65
Luther College,1,1549,89,38,2269,96,13240,3560,85,13.8,38,8949,77
Lycoming College,1,1286,78,16,1363,94,13900,4300,81,14.0,32,8024,72
Lynchburg College,1,1756,85,3,1524,84,12450,5400,66,12.4,24,8832,70
Lyndon State College,0,535,93,6,959,86,7320,4640,65,12.6,15,7114,51
Macalester College,1,2939,50,56,1723,93,15909,4772,91,11.9,37,14213,77
MacMurray College,1,740,75,12,628,90,9620,3750,55,10.8,33,10642,59
Malone College,1,874,86,21,1605,86,9858,3700,45,17.6,16,4796,55
Manchester College,1,1004,79,23,909,94,10440,3850,72,11.8,20,7940,64
Manhattan College,1,2432,71,20,2578,91,12370,6800,92,13.6,25,10062,79
Manhattanville College,1,962,77,21,830,84,14700,6550,97,11.3,24,11291,70
Mankato State University,0,3073,86,9,9649,84,4300,2643,68,19.0,11,5801,68
Marian College of Fond du Lac,1,824,81,15,1160,63,9400,3400,37,8.4,21,5352,59
Marietta College,1,1611,59,27,1089,83,13850,3920,97,13.2,30,10223,96
Marist College,1,4731,67,12,3557,84,10700,5925,81,17.6,34,8408,69
Marquette University,1,5152,89,36,7016,89,11610,4760,94,13.5,25,9982,77
Marshall University,1,4226,86,14,7703,76,5094,4010,86,16.6,10,6203,50
Mary Baldwin College,1,499,88,26,846,69,11200,7400,79,6.8,50,10819,90
Mary Washington College,0,4350,50,39,2997,80,6490,4942,80,17.6,30,5358,84
Marymount College Tarrytown,1,478,68,9,731,66,11510,6450,93,10.3,30,10502,77
Marymount Manhattan College,1,695,76,21,988,55,10200,7000,76,11.7,20,10622,68
Marymount University,1,941,82,10,1247,61,11390,5280,82,10.6,17,8575,55
Maryville College,1,1464,60,26,624,82,11200,4208,90,11.1,43,8317,51
Maryville University,1,549,72,26,1343,43,9250,4550,58,13.1,13,5925,61
Marywood College,1,1107,77,13,1452,78,11040,4500,76,11.8,30,9034,66
Massachusetts Institute of Technology,1,6411,33,96,4481,99,20100,5975,99,10.1,35,33541,94
Mayville State University,0,233,100,5,658,91,4486,2516,68,15.7,11,6971,51
McKendree College,1,1002,55,16,836,55,7680,3740,74,17.7,21,6652,52
McMurry University,1,578,71,25,880,64,6930,3452,64,11.0,11,6383,32
McPherson College,1,420,69,11,336,80,7950,3750,54,9.8,45,9754,48
Mercer University,1,2286,72,37,2943,70,11985,4081,95,9.2,15,8995,91
Mercyhurst College,1,1557,68,15,1805,80,9813,4050,63,16.7,29,7307,78
Meredith College,1,857,90,25,1721,78,6720,3250,82,13.9,33,6881,82
Merrimack College,1,1981,77,18,1927,63,12500,6200,75,16.8,22,8707,80
Mesa State College,0,1584,91,6,3471,79,5016,3798,48,28.8,12,3871,59
Messiah College,1,1742,79,30,2258,97,10300,5080,75,14.1,30,7762,89
Miami University at Oxford,0,9239,84,35,13606,94,8856,3960,89,17.6,20,7846,85
Michigan State University,0,18114,83,23,26640,86,10658,3734,95,14.0,9,10520,71
Michigan Technological University,0,2618,87,42,5524,93,8127,3978,82,17.0,25,7473,65
MidAmerica Nazarene College,1,331,100,15,1100,86,6840,3720,33,15.4,20,5524,49
Millersville University of Penn.,0,6011,51,22,5146,77,7844,3830,74,16.8,20,7832,71
Milligan College,1,610,75,26,685,93,8200,3300,69,12.0,16,8128,64
Millikin University,1,1444,87,29,1788,94,11910,4378,77,11.4,25,8149,75
Millsaps College,1,905,92,32,1073,85,11320,4402,89,12.7,38,11218,58
Milwaukee School of Engineering,1,1217,89,36,1773,66,11505,3255,46,16.7,23,7140,67
Mississippi College,1,594,64,36,1695,70,5580,2830,79,16.5,18,6170,61
Mississippi State University,0,4255,77,18,10094,86,9866,3084,77,15.9,20,6223,53
Mississippi University for Women,0,480,84,19,1673,62,4386,2217,54,15.8,8,5704,63
Missouri Southern State College,0,1576,84,13,3689,62,3840,2852,54,20.3,9,4172,100
Missouri Valley College,1,1310,75,5,1057,85,8550,5050,67,17.4,16,4333,27
Monmouth College IL,1,601,83,28,671,98,13000,4100,91,11.6,43,11087,56
Monmouth College,1,2707,69,14,1893,69,12480,5290,85,14.2,15,9492,54
Montana College of Mineral Sci. & Tech.,0,572,95,45,1470,77,6073,3400,71,16.4,31,6112,74
Montana State University,0,3500,81,15,8730,89,5552,3710,83,17.6,8,6324,37
Montclair State University,0,5220,40,19,6411,66,3648,4834,87,21.5,9,6717,58
Montreat-Anderson College,1,263,84,10,316,94,8438,3372,50,11.1,4,11989,15
Moorhead State University,0,2442,88,12,5983,84,4426,2664,81,18.1,19,4795,60
Moravian College,1,1232,77,23,1241,71,14990,4730,92,15.2,28,9566,74
Morehouse College,1,3708,45,41,2852,94,7050,5490,74,17.8,10,8122,83
Morningside College,1,586,90,16,950,80,10520,3678,68,13.0,32,8111,56
Morris College,1,882,82,2,926,98,4515,2550,60,18.6,34,6990,60
Mount Holyoke College,1,1800,73,47,1891,97,19300,5700,91,9.0,51,18359,84
Mount Marty College,1,279,98,17,600,57,6844,2980,55,11.7,38,5073,44
Mount Mary College,1,235,92,12,931,65,8950,3119,51,10.7,26,7016,78
Mount Mercy College,1,368,86,20,806,59,10500,3555,50,11.3,30,6695,64
Mount Saint Clare College,1,325,87,16,364,80,9900,3650,37,13.6,43,6525,21
Mount Saint Mary's College,1,1321,87,15,1243,94,12850,6200,82,12.8,36,8536,80
Mount Saint Mary College,1,1170,59,14,1170,73,7470,4600,75,15.3,23,6898,88
Mount St. Mary's College,1,657,81,37,1039,69,12474,5678,71,11.9,19,10613,72
Mount Union College,1,1310,82,26,1365,90,12250,3530,87,16.7,35,7215,81
Mount Vernon Nazarene College,1,510,95,18,1114,92,7400,3346,57,19.8,7,6869,58
Muhlenberg College,1,2519,72,30,1656,82,16975,4565,86,12.8,39,10888,83
Murray State University,0,2225,85,29,5968,86,4738,3110,76,20.2,27,5972,52
Muskingum College,1,1109,83,24,1115,94,13240,3914,85,13.4,27,9333,73
National-Louis University,1,513,67,23,2508,83,9090,4500,65,18.3,2,7905,71
Nazareth College of Rochester,1,947,84,36,1274,73,10850,5150,93,13.6,24,8797,61
New Jersey Institute of Technology,0,1879,64,27,3311,66,8832,5376,98,13.5,19,12529,72
New Mexico Institute of Mining and Tech.,0,787,76,40,1017,71,5376,3214,100,13.7,11,9241,34
New York University,1,13594,53,70,12408,81,17748,7262,98,7.8,16,21227,71
Newberry College,1,872,82,14,601,94,10194,2600,63,11.4,32,5788,83
Niagara University,1,2220,80,65,1919,85,10320,4762,100,14.2,20,7788,65
North Adams State College,0,1563,64,1,1380,91,5542,4330,71,14.2,17,6562,57
North Carolina A. & T. State University,0,4809,64,12,6162,87,6806,1780,72,16.7,9,7090,44
North Carolina State University at Raleigh,0,10634,66,39,16505,75,8400,6540,98,17.5,21,9670,62
North Carolina Wesleyan College,1,812,84,7,646,88,8242,4230,77,12.7,11,10090,52
North Central College,1,1127,78,30,1310,63,11718,7398,87,16.4,33,8871,76
North Dakota State University,0,2968,77,13,7368,86,5834,2744,83,17.0,24,6310,42
North Park College,1,465,77,19,879,84,12580,4345,79,13.1,24,10889,74
Northeast Missouri State University,0,6040,75,36,5640,95,4856,3416,72,15.7,13,6601,76
Northeastern University,1,11901,71,16,11160,52,13380,7425,82,12.9,17,9563,46
Northern Arizona University,0,5891,83,23,11249,80,6746,3728,83,21.7,7,6157,41
Northern Illinois University,0,10706,67,12,14826,88,7799,3296,78,17.3,11,6086,56
Northwest Missouri State University,0,2729,92,8,4787,91,3735,3136,65,21.7,23,5284,54
Northwest Nazarene College,1,616,83,29,1115,94,9840,2820,59,14.8,20,6261,58
Northwestern College,1,860,94,22,1040,95,9900,3075,68,14.9,34,6357,68
Northwestern University,1,12289,42,85,7450,99,16404,5520,100,6.8,25,26385,92
Norwich University,1,1743,93,8,1862,82,14134,5270,74,13.1,22,9209,63
Notre Dame College,1,379,85,15,500,61,9990,4900,47,12.1,26,4948,33
Oakland University,0,3041,84,16,6441,61,9114,4030,90,19.7,13,6637,53
Oberlin College,1,4778,57,50,2587,95,19670,5820,96,10.1,47,16593,83
Occidental College,1,2324,56,52,1686,97,16560,5140,93,10.5,30,16196,79
Oglethorpe University,1,792,81,56,769,67,12900,4340,95,13.1,27,8568,67
Ohio Northern University,1,2936,79,35,2502,97,15990,4080,78,14.5,31,9979,83
Ohio University,0,11023,75,21,14861,91,7629,4095,87,20.4,13,8811,64
Ohio Wesleyan University,1,2190,77,36,1780,97,16732,5650,93,12.1,32,12011,75
Oklahoma Baptist University,1,758,89,35,1707,70,5390,3140,71,15.1,18,5511,50
Oklahoma Christian University,1,776,98,22,1419,86,6400,3150,64,16.2,8,6578,45
Oklahoma State University,0,4522,86,29,12830,88,5336,3344,92,15.3,14,6433,48
Otterbein College,1,1496,80,26,1648,63,12888,4440,68,13.9,30,8802,87
Ouachita Baptist University,1,910,84,31,1310,95,6530,2800,67,13.3,10,6413,65
Our Lady of the Lake University,1,2308,57,22,1202,56,8530,3644,64,14.9,25,7114,37
Pace University,1,8256,45,37,5809,57,11000,5160,95,13.8,10,10059,62
Pacific Lutheran University,1,1603,86,31,2580,89,13312,4488,78,11.0,23,9431,83
Pacific Union College,1,940,71,20,1316,90,11925,3825,87,12.3,12,9157,69
Pacific University,1,943,90,41,1041,96,14210,3994,76,10.9,22,11216,42
Pembroke State University,0,944,81,14,2174,80,6360,2760,77,15.0,5,6443,48
Pennsylvania State Univ. Main Campus,0,19315,53,48,28938,93,10645,4060,96,18.1,19,8992,63
Pepperdine University,1,3821,53,86,2488,79,18200,6770,98,11.6,13,16185,66
Peru State College,0,701,71,10,959,67,2580,2624,100,20.1,24,4870,44
Pfeiffer College,1,838,77,11,654,80,8640,3700,62,12.2,13,7634,48
Philadelphia Coll. of Textiles and Sci.,1,1538,81,19,1664,61,11690,5062,80,12.9,15,8028,68
Phillips University,1,692,83,19,597,87,10500,3860,64,11.6,19,8990,39
Piedmont College,1,663,84,20,641,91,5640,3620,89,13.2,17,7309,31
Pikeville College,1,404,99,28,797,88,6000,3000,57,13.4,14,5557,61
Pitzer College,1,1133,55,37,750,96,17688,5900,100,10.4,11,14820,73
Point Loma Nazarene College,1,809,84,20,1889,89,10178,4190,71,16.1,19,7895,54
Point Park College,1,875,85,7,1173,45,9700,4830,90,14.5,10,7652,66
Polytechnic University,1,1132,74,58,1379,86,16200,4200,90,10.4,14,14329,62
Prairie View A. and M. University,0,2405,92,10,4564,91,4290,3500,93,19.4,1,5967,35
Presbyterian College,1,1082,76,34,1133,97,11859,3635,85,13.4,42,8354,85
Princeton University,1,13218,15,90,4540,96,19900,5910,96,8.4,54,28320,99
Providence College,1,5139,65,20,3717,73,14400,6200,74,18.4,35,8135,96
Purdue University at West Lafayette,0,21804,85,29,26213,86,9556,3990,86,18.2,15,8604,67
Queens College,1,516,75,32,630,53,11020,4970,75,14.0,36,9315,58
Quincy University,1,1025,68,22,1070,93,10100,4140,71,16.3,32,6880,80
Quinnipiac College,1,3712,58,17,2677,78,12030,6140,73,12.0,33,8847,86
Radford University,0,5702,85,15,8077,94,6684,4110,83,19.6,9,4519,62
Ramapo College of New Jersey,0,2088,45,6,2745,58,4449,4860,95,17.8,8,7333,47
Randolph-Macon College,1,1771,74,21,1071,97,13840,3735,80,10.7,38,11080,74
Randolph-Macon Woman's College,1,696,88,35,653,92,13970,6110,97,9.2,24,16358,68
Reed College,1,1966,73,47,1199,95,19960,5490,90,11.8,37,15886,68
Regis College,1,427,90,18,581,52,12700,5800,85,10.3,37,11758,84
Rensselaer Polytechnic Institute,1,4996,83,53,4291,99,17475,5976,98,15.4,21,15605,70
Rhodes College,1,2302,79,58,1345,95,15200,4768,96,10.8,47,13388,77
Rider University,1,3586,67,16,2748,67,13250,5420,92,12.3,23,11299,70
Ripon College,1,587,85,28,735,96,15200,4100,90,9.4,49,12472,64
Rivier College,1,484,79,6,590,33,9870,4860,59,12.2,19,6744,81
Roanoke College,1,2227,80,27,1460,85,13425,4425,89,13.0,26,9405,72
Rockhurst College,1,935,91,22,1127,59,9490,4100,79,10.7,21,7519,79
Rocky Mountain College,1,560,70,11,743,86,8734,3362,78,11.3,27,6422,68
Roger Williams University,1,3304,84,10,2111,58,12520,6050,54,16.4,8,7957,61
Rollins College,1,1777,64,31,1668,61,16425,5220,85,13.3,23,11561,90
Rosary College,1,434,73,28,624,69,10950,4600,82,12.9,30,9264,81
Rowan College of New Jersey,0,3820,37,21,5303,57,4356,4830,81,22.1,6,7252,51
Rutgers at New Brunswick,0,48094,54,36,21401,85,7410,4748,95,19.5,19,10474,77
Rutgers State University at Camden,0,3366,52,27,2585,66,7411,4748,95,18.6,12,10134,57
Rutgers State University at Newark,0,5785,46,26,4005,67,7410,4748,95,17.4,16,11878,58
Sacred Heart University,1,2307,82,19,1707,47,11070,5780,73,14.8,16,7120,82
Saint Ambrose University,1,897,80,12,1345,77,10450,4020,56,14.1,16,7444,70
Saint Anselm College,1,2095,74,15,1873,95,12950,5400,82,14.5,29,6719,97
Saint Cloud State University,0,3971,83,10,11493,83,4259,2625,75,18.9,10,4629,58
Saint Francis College IN,1,213,77,13,513,67,8670,3820,78,12.5,4,7440,48
Saint Francis College,1,1046,78,21,1223,73,10880,5050,64,19.3,24,7344,69
Saint John's University,1,933,85,18,1691,95,12247,4081,85,12.0,38,9853,70
Saint Joseph's College IN,1,920,74,24,815,78,11200,4250,60,14.8,19,7360,67
Saint Joseph's College,1,833,81,12,716,24,9985,5180,89,27.2,8,4322,85
Saint Joseph's University,1,2519,79,39,2473,65,12750,6350,90,17.4,13,8243,83
Saint Joseph College,1,292,82,20,543,43,12200,4600,90,11.2,32,8680,76
Saint Louis University,1,3294,86,44,4576,80,11690,4730,94,4.6,19,18367,67
Saint Mary's College,1,888,82,26,1433,98,12730,4514,95,9.9,31,11165,98
Saint Mary's College of Minnesota,1,876,91,14,1263,91,10800,3600,74,18.8,19,5081,78
Saint Mary-of-the-Woods College,1,150,86,23,341,30,10300,4130,58,10.2,37,9678,75
Saint Michael's College,1,1910,72,16,1715,94,13030,5860,88,14.5,34,10190,84
Saint Olaf College,1,2248,74,38,2888,96,14350,3750,88,10.0,31,12502,83
Saint Peter's College,1,1606,87,23,1921,62,9408,5520,78,12.1,22,7669,53
Saint Vincent College,1,700,85,19,1035,85,10850,3936,64,12.3,31,8534,88
Saint Xavier University,1,785,82,15,1670,69,10860,4624,100,13.7,15,8953,55
Salem-Teikyo University,1,489,78,23,700,93,10575,3952,24,13.0,9,8946,98
Salem College,1,335,84,28,534,71,10475,6300,68,11.2,46,9599,60
Salisbury State University,0,4216,54,20,4296,80,5130,4690,75,17.9,18,5125,56
Samford University,1,1680,83,34,2959,88,8236,3700,75,14.7,17,9533,61
San Diego State University,0,9402,74,20,16407,74,8384,5110,93,19.5,7,7930,41
Santa Clara University,1,4019,69,40,3891,96,13584,5928,92,13.9,19,10872,100
Sarah Lawrence College,1,1380,55,57,1000,90,19300,6694,93,6.1,18,14779,83
Savannah Coll. of Art and Design,1,1109,62,20,1897,90,8325,5000,98,16.1,26,6874,55
Schreiner College,1,584,70,19,521,84,8955,5900,56,11.8,23,8545,52
Scripps College,1,855,73,60,569,98,17238,7350,100,8.2,41,18372,73
Seattle Pacific University,1,1183,85,42,1922,73,12669,4875,85,16.8,20,10368,66
Seattle University,1,2115,72,28,2993,89,12825,4375,85,12.2,16,10175,89
Seton Hall University,1,4576,77,16,4384,74,12000,6484,84,14.4,15,10080,64
Seton Hill College,1,936,84,24,752,78,11240,4180,71,11.2,37,10065,71
Shippensburg University of Penn.,0,5818,56,14,5268,94,7844,3504,83,18.8,13,6719,72
Shorter College,1,540,82,23,1115,90,7210,3600,65,13.2,18,7356,58
Siena College,1,2961,65,24,2669,81,10800,5100,82,14.1,42,8189,100
Siena Heights College,1,464,90,10,686,70,9240,3880,49,7.2,17,9431,47
Simmons College,1,1003,77,23,1144,87,16160,6950,81,8.9,33,14086,79
Simpson College,1,1016,85,27,1116,64,11250,4980,73,15.8,36,7411,70
Sioux Falls College,1,437,91,13,614,69,8990,3064,73,14.8,7,7881,48
Skidmore College,1,4293,63,25,2322,89,18710,5970,92,12.7,29,14837,81
Smith College,1,2925,54,51,2479,96,18820,6390,97,10.3,44,21199,90
South Dakota State University,0,2807,92,13,7000,86,3811,2190,65,15.0,29,5084,67
Southeast Missouri State University,0,2281,81,18,6553,84,4680,3540,76,17.1,8,5916,45
Southeastern Oklahoma State Univ.,0,818,85,20,2962,81,3738,2619,59,19.6,9,4444,53
Southern California College,1,385,88,18,784,86,9520,4124,65,18.6,11,8219,43
Southern Illinois University at Edwardsville,0,2540,86,13,6063,70,5472,3598,81,16.5,8,7498,43
Southern Methodist University,1,4301,80,41,4892,92,12772,5078,88,13.5,17,12726,72
Southwest Baptist University,1,1093,100,12,1770,64,7070,2500,54,15.9,13,4718,71
Southwest Missouri State University,0,6118,85,15,13131,79,4740,2590,75,19.9,11,4632,56
Southwest State University,0,1047,89,13,2091,79,4285,2750,75,16.5,31,6591,51
Southwestern Adventist College,1,321,99,11,620,68,7536,3736,77,13.0,12,5309,36
Southwestern College,1,213,72,28,504,77,7200,3532,56,11.8,12,7818,52
Southwestern University,1,1244,73,44,1177,96,11850,4675,89,11.3,35,12995,67
Spalding University,1,283,71,10,589,69,8400,2800,56,10.6,40,6860,89
Spelman College,1,3713,33,47,1971,94,7000,5565,80,12.5,18,9988,65
Spring Arbor College,1,372,97,15,1501,80,8600,3550,48,15.4,9,10938,49
St. Bonaventure University,1,1489,88,13,1688,92,10456,4927,91,17.7,32,9828,78
St. John's College,1,323,86,31,393,98,16150,5450,72,7.2,26,15622,64
St. John Fisher College,1,1368,77,19,1687,71,10570,5600,81,14.5,29,7908,66
St. Lawrence University,1,2753,66,31,1801,97,18720,5730,94,11.5,38,14980,85
St. Martin's College,1,191,86,5,494,46,11550,4270,77,14.5,8,9209,40
St. Mary's College of California,1,2643,60,36,2615,91,13332,6354,89,16.1,17,9619,78
St. Mary's College of Maryland,0,1340,51,42,1315,86,6800,4730,89,11.6,23,10357,63
St. Mary's University of San Antonio,1,1243,82,33,2149,83,8678,3858,83,16.2,7,7651,72
St. Norbert College,1,1334,93,30,1946,95,12140,4450,78,15.1,36,8595,88
St. Paul's College,1,651,89,8,617,94,5000,3650,45,14.0,8,8426,45
St. Thomas Aquinas College,1,861,70,10,1117,57,8650,5700,73,16.1,13,6534,67
Stephens College,1,450,90,17,614,61,13900,5200,63,10.9,17,9995,59
Stetson University,1,1557,78,37,1964,96,12315,4565,90,12.5,24,10307,73
Stevens Institute of Technology,1,1768,70,51,1263,99,16900,5680,89,19.0,33,12837,79
Stockton College of New Jersey,0,4019,39,23,4365,85,3040,4351,92,19.5,7,5599,64
Stonehill College,1,3646,63,25,2022,68,12170,6172,79,13.0,30,7495,97
SUNY at Albany,0,13528,67,16,10168,89,6550,4355,96,17.4,16,9075,74
SUNY at Binghamton,0,14463,42,60,8544,92,6550,4598,100,18.0,15,8055,80
SUNY at Buffalo,0,15039,64,36,13963,81,6550,4731,97,13.6,15,11177,56
SUNY at Stony Brook,0,12512,55,27,9744,87,6550,4712,96,10.5,7,13705,57
SUNY College  at Brockport,0,7294,48,7,5758,80,6550,4460,83,19.0,14,6632,49
SUNY College  at Oswego,0,8000,56,17,6943,88,6550,4810,85,22.0,21,5280,63
SUNY College at Buffalo,0,5318,66,8,7626,78,6550,4040,78,18.7,12,7511,42
SUNY College at Cortland,0,7888,44,6,5011,93,6550,4680,85,17.8,17,5563,53
SUNY College at Fredonia,0,4877,57,13,4123,93,6550,4420,90,16.3,10,6442,66
SUNY College at Geneseo,0,8598,53,56,5060,97,6550,4170,84,19.1,25,5716,76
SUNY College at New Paltz,0,8399,42,19,4658,75,6550,4240,93,15.3,8,6608,53
SUNY College at Plattsburgh,0,5549,64,9,5004,91,6550,4176,90,17.9,16,6174,65
SUNY College at Potsdam,0,3150,72,16,3598,93,6840,4660,75,15.1,17,6436,59
SUNY College at Purchase,0,2119,59,5,2478,63,6550,4760,100,14.9,8,8170,46
Susquehanna University,1,2096,72,27,1442,89,16130,4710,86,13.9,37,10554,90
Sweet Briar College,1,462,87,36,527,92,14500,6000,99,6.5,48,18953,61
Syracuse University,1,10477,69,28,10142,98,15150,6870,84,11.3,13,14231,67
Tabor College,1,257,71,19,396,91,7850,3410,70,10.0,15,7233,53
Talladega College,1,4414,33,30,908,88,5666,2964,58,15.5,7,5970,46
Taylor University,1,1769,61,41,1757,95,10965,4000,61,14.2,32,8294,98
Tennessee Wesleyan College,1,232,78,7,402,62,7070,3640,65,8.9,16,6286,36
Texas A&M Univ. at College Station,0,14474,72,49,31643,91,5130,3412,91,23.1,29,8471,69
Texas A&M University at Galveston,0,529,90,22,1206,90,4860,3122,88,17.4,16,6415,43
Texas Christian University,1,4095,75,33,5064,88,8490,3320,93,14.8,23,9158,64
Texas Lutheran College,1,497,85,27,895,67,7850,3410,58,13.8,24,7002,50
Texas Southern University,0,4345,74,15,5584,64,7860,3360,75,18.2,21,3605,10
Texas Wesleyan University,1,592,84,19,1204,75,6400,3484,83,14.5,10,7936,43
The Citadel,0,1500,82,12,2024,87,7070,2439,94,17.1,17,7744,84
Thiel College,1,1154,82,15,791,84,11172,4958,76,11.6,16,9186,60
Tiffin University,1,845,86,5,662,65,7600,3800,74,19.0,40,5096,39
Transylvania University,1,759,96,57,867,94,10900,4450,91,12.1,41,10219,70
Trenton State College,0,5042,45,55,5167,85,5391,5411,87,14.4,6,8504,81
Tri-State University,1,1262,87,14,978,90,9456,4350,53,12.8,24,7603,65
Trinity College CT,1,3058,58,46,1737,87,18810,5690,96,10.4,48,18034,91
Trinity College DC,1,247,76,19,309,32,11412,6430,93,8.3,37,11806,96
Trinity College VT,1,222,83,16,484,47,11010,5208,78,10.4,26,9586,78
Trinity University,1,2425,74,62,2110,95,12240,5150,96,9.6,20,14703,93
Tulane University,1,7033,72,47,4941,76,19040,5950,98,9.1,21,16920,74
Tusculum College,1,626,59,12,983,96,7700,3400,70,21.9,28,4933,52
Tuskegee University,1,2267,80,20,2825,95,6735,3395,74,12.2,7,10872,65
Union College KY,1,484,79,9,634,89,7800,2950,88,14.1,9,6864,64
Union College NY,1,3495,48,49,1915,93,18732,6204,96,11.5,49,15411,88
Univ. of Wisconsin at OshKosh,0,4800,60,14,7764,84,6874,2394,78,19.2,14,5901,56
University of Alabama at Birmingham,0,1797,70,24,6960,59,4440,5175,96,6.7,16,16352,33
University of Arkansas at Fayetteville,0,3235,96,25,9978,86,5028,3300,89,14.8,10,6820,39
University of California at Berkeley,0,19873,41,95,19532,90,11648,6246,97,15.8,10,13919,78
University of California at Irvine,0,15698,68,85,12677,93,12024,5302,96,16.1,11,15934,66
University of Central Florida,0,6986,42,25,12330,63,6618,4234,98,22.2,9,6742,46
University of Charleston,1,682,78,22,771,55,9500,3540,58,2.5,10,7683,57
University of Chicago,1,6348,47,68,3340,98,18930,6380,99,5.3,36,36854,90
University of Cincinnati,0,6855,81,26,11036,84,8907,4697,95,10.8,6,13889,54
University of Connecticut at Storrs,0,9735,73,23,12478,88,11656,5072,95,16.0,16,10178,71
University of Dallas,1,681,86,44,1058,93,10760,6230,93,13.4,26,8731,63
University of Dayton,1,6361,83,26,5889,89,11380,4220,85,14.8,25,8894,93
University of Delaware,1,14446,72,22,14130,75,10220,4230,87,18.3,15,10650,75
University of Denver,1,2974,67,29,2666,82,15192,4695,91,15.9,21,11762,67
University of Detroit Mercy,1,927,78,24,2149,49,11130,3996,79,13.5,14,10891,51
University of Dubuque,1,576,96,11,662,83,10430,3620,98,16.5,18,8767,45
University of Evansville,1,2096,77,35,2551,86,11800,4340,81,15.8,26,7780,77
University of Florida,0,12445,71,54,24470,88,7090,4180,97,13.4,20,14737,66
University of Georgia,0,11220,70,43,19553,87,5697,3600,95,14.7,22,7881,63
University of Hartford,1,5081,79,11,3768,72,14220,6000,76,10.7,9,10625,66
University of Hawaii at Manoa,0,3580,72,36,11028,82,4460,3038,87,11.8,6,12833,54
University of Illinois - Urbana,0,14939,77,52,25422,96,7560,4574,90,17.4,13,8559,81
University of Illinois at Chicago,0,8384,68,22,13518,82,7230,5088,84,10.0,6,13883,34
University of Indianapolis,1,1487,85,26,1417,46,11120,4080,56,11.1,23,6735,69
University of Kansas,0,8579,64,25,17880,91,6994,3384,94,13.7,17,9657,57
University of La Verne,1,1597,60,16,1431,48,13540,5050,68,14.1,23,10139,47
University of Louisville,0,4777,63,16,9844,61,6540,3600,92,11.1,24,10207,31
University of Maine at Farmington,0,1208,66,20,1906,84,6810,3970,75,15.9,26,5712,59
University of Maine at Machias,0,441,83,17,633,66,6600,3680,46,15.1,4,5935,64
University of Maine at Presque Isle,0,461,82,10,974,65,6600,3630,67,15.2,11,6408,35
University of Maryland at Baltimore County,0,4269,60,27,6476,71,8594,4408,88,18.4,6,7618,55
University of Maryland at College Park,0,14292,72,22,19340,82,8723,5146,92,18.1,12,9021,63
University of Massachusetts at Amherst,0,14438,85,12,16282,89,8566,3897,92,16.7,15,10276,68
University of Massachusetts at Dartmouth,0,3347,77,10,4664,74,6919,4500,90,15.0,20,7462,56
University of Miami,1,7122,75,42,7760,89,16500,6526,94,5.9,17,17500,59
University of Michigan at Ann Arbor,0,19152,67,66,22045,94,15732,4659,98,11.5,26,14847,87
University of Minnesota at Duluth,0,4192,74,15,5887,82,8828,3474,91,19.0,11,6393,53
University of Minnesota at Morris,0,1458,59,56,1846,92,9843,3180,78,14.6,16,6716,51
University of Minnesota Twin Cities,0,11054,57,26,16502,43,8949,3744,90,12.2,37,16122,45
University of Mississippi,0,3844,88,26,7524,90,4916,3810,86,20.3,14,6971,53
University of Missouri at Columbia,0,6574,70,32,14782,90,9057,3485,87,12.7,15,10145,58
University of Missouri at Rolla,0,1877,97,49,3926,87,9057,3600,88,14.4,23,9699,49
University of Missouri at Saint Louis,0,1618,70,18,4793,51,7246,3964,73,13.4,15,6433,48
University of Mobile,1,452,73,17,1417,82,6150,3680,63,16.6,4,5412,52
University of Montevallo,0,1351,66,18,2385,87,4440,3030,72,18.9,8,5883,51
University of Nebraska at Lincoln,0,6277,95,33,16454,83,5595,3145,92,15.1,48,6813,53
University of New England,1,1209,62,19,820,83,11450,5045,75,11.4,13,9718,64
University of New Hampshire,0,9750,78,24,10358,88,11180,3862,87,17.5,16,7855,75
University of North Carolina at Asheville,0,1757,55,32,2033,65,5972,3420,83,13.0,11,7011,37
University of North Carolina at Chapel Hill,0,14596,41,75,14609,92,8400,4200,93,8.9,23,15893,83
University of North Carolina at Charlotte,0,5803,76,19,10099,75,7248,3109,91,16.8,7,6227,62
University of North Carolina at Greensboro,0,5191,79,15,7532,80,8677,3505,94,15.5,17,7392,53
University of North Carolina at Wilmington,0,6071,63,15,6635,85,7558,3680,85,19.1,15,6005,55
University of North Dakota,0,2777,80,20,8334,85,5634,2703,97,15.9,16,9424,49
University of North Florida,0,1800,69,44,3876,51,6634,4360,85,17.8,14,6104,47
University of North Texas,0,4418,61,23,14047,73,4104,3579,94,22.6,6,5657,35
University of Northern Colorado,0,5530,72,12,8463,84,7731,4128,75,21.5,8,6309,40
University of Northern Iowa,0,4144,81,18,10135,87,6197,2930,82,16.3,26,6333,77
University of Notre Dame,1,7700,48,79,7671,99,16850,4400,92,13.1,46,13936,97
University of Oklahoma,0,4743,83,32,13436,83,5173,3526,90,11.5,11,10244,44
University of Oregon,0,8631,77,25,11669,87,10602,3660,87,19.7,13,8020,54
University of Pennsylvania,1,12394,42,85,9205,94,17020,7270,96,6.3,38,25765,93
University of Pittsburgh-Main Campus,0,8586,74,25,13138,75,10786,4560,93,7.8,10,13789,66
University of Portland,1,1758,84,27,2041,92,12040,4100,96,13.2,17,9060,72
University of Puget Sound,1,4044,69,51,2738,95,16230,4500,86,15.0,17,11217,63
University of Rhode Island,0,9643,80,12,8894,78,10330,5558,89,16.6,7,9158,63
University of Richmond,1,5892,46,46,2854,82,14500,3285,89,11.7,32,11984,100
University of Rochester,1,8766,62,56,5071,92,17840,6582,99,5.9,23,26037,80
University of San Diego,1,3934,69,40,3698,94,13600,5940,96,15.6,13,10813,66
University of San Francisco,1,2306,74,23,4309,88,13226,6452,86,13.6,8,10074,62
University of Sci. and Arts of Oklahoma,0,285,98,21,1140,70,3687,1920,77,23.6,3,3864,43
University of Scranton,1,4471,65,29,3674,88,11584,5986,83,14.1,41,9131,92
University of South Carolina at Aiken,0,848,66,14,1855,56,5800,3066,62,14.8,3,5035,48
University of South Carolina at Columbia,0,7693,75,30,12594,77,8074,3522,88,16.9,18,8246,63
University of South Florida,0,7589,61,29,14770,57,6760,3776,89,17.0,7,11020,47
University of Southern California,1,12229,69,45,13259,90,17230,6482,94,11.4,10,17007,68
University of Southern Colorado,0,1401,88,10,3716,84,7100,4380,88,19.4,0,5389,36
University of Southern Indiana,0,2379,89,8,4283,59,4973,3192,65,22.0,21,4078,38
University of Southern Mississippi,0,2850,71,20,9260,86,4652,2470,99,18.7,23,5917,45
University of St. Thomas MN,1,2057,87,26,4106,80,11712,4037,80,13.8,13,8546,89
University of St. Thomas TX,1,374,74,45,995,70,8550,4050,75,12.6,17,7237,62
University of Tennessee at Knoxville,0,7473,71,27,15749,82,5764,3262,92,16.5,22,8612,53
University of Texas at Arlington,0,3281,77,19,10975,56,4422,2780,73,21.0,4,4696,29
University of Texas at Austin,0,14752,64,48,30017,85,5130,3309,99,19.7,11,7837,65
University of Texas at San Antonio,0,4217,73,17,9375,63,4104,5376,100,25.3,3,4329,50
University of the Arts,1,974,72,5,1145,96,12520,3860,59,7.5,9,11641,57
University of the Pacific,1,2459,81,36,2664,89,16320,5326,94,11.2,14,13706,65
University of the South,1,1445,66,46,1129,97,15350,4080,93,10.3,52,18784,82
University of Tulsa,1,1712,90,41,2936,87,11750,4160,96,11.5,10,11743,47
University of Utah,0,5095,88,27,13894,62,6857,3975,93,12.8,9,9275,37
University of Vermont,0,7663,78,18,7353,81,15516,4928,90,9.9,10,12646,79
University of Virginia,0,15849,33,74,11278,98,12212,3792,92,9.5,22,13597,95
University of Washington,0,12749,55,40,20356,81,8199,4218,94,9.0,10,16527,65
University of West Florida,0,1558,80,20,3754,60,6172,3994,87,23.4,12,8488,53
University of Wisconsin-Stout,0,2593,75,9,6038,91,6704,2592,78,21.0,17,6254,65
University of Wisconsin-Superior,0,910,100,14,1434,77,7032,2780,81,15.2,15,6490,36
University of Wisconsin-Whitewater,0,4400,84,12,7804,83,6950,2500,95,23.1,16,5559,67
University of Wisconsin at Green Bay,0,2409,80,17,3819,73,6900,2800,89,22.2,1,5968,46
University of Wisconsin at Madison,0,14901,73,36,23945,91,9096,4290,96,11.5,20,11006,72
University of Wisconsin at Milwaukee,0,5244,72,12,11561,60,8786,2964,87,15.9,8,8094,38
University of Wyoming,0,2029,74,23,7535,83,5988,3422,94,15.1,13,8745,45
Upper Iowa University,1,663,68,10,1481,56,8840,3060,75,17.4,19,3733,78
Ursinus College,1,1399,73,44,1131,98,14900,5160,85,11.6,40,12082,79
Ursuline College,1,325,80,21,699,49,9600,4202,69,10.5,15,7164,68
Valley City State University,0,368,93,5,863,82,4286,2570,41,14.9,25,4958,40
Valparaiso University,1,2075,83,49,2501,92,11800,3260,89,14.2,23,9681,95
Vanderbilt University,1,7791,60,71,5500,98,17865,6525,98,5.8,26,23850,83
Vassar College,1,3550,52,53,2164,96,18920,5950,98,9.7,39,17089,90
Villanova University,1,7759,72,30,6362,83,15925,6507,90,13.4,24,10458,96
Virginia Commonwealth University,0,4963,70,18,10262,66,10217,4182,87,8.7,11,11183,45
Virginia State University,0,2996,81,2,3006,89,5587,4845,63,16.0,11,5733,31
Virginia Tech,0,15712,74,29,18511,96,10260,3176,89,13.8,20,8944,73
Virginia Union University,1,1847,87,19,1298,95,7384,3494,67,13.7,8,6757,30
Virginia Wesleyan College,1,1470,61,20,1130,73,10900,5100,81,15.7,14,7804,68
Viterbo College,1,647,80,17,1014,72,9140,3365,65,10.7,31,8050,73
Voorhees College,1,1465,68,10,703,97,4450,2522,43,22.9,3,5861,58
Wabash College,1,800,77,41,801,99,12925,4195,85,9.9,55,14904,72
Wagner College,1,1416,71,10,1324,91,13500,5800,78,13.2,23,9006,75
Wake Forest University,1,5661,42,75,3499,95,13850,4360,97,4.3,37,41766,89
Walsh University,1,1092,81,27,847,63,8670,4180,58,11.3,33,5738,68
Warren Wilson College,1,440,70,25,466,98,10000,3052,75,11.4,20,9430,63
Wartburg College,1,1231,87,34,1295,92,11600,3610,91,12.4,37,7735,67
Washington and Jefferson College,1,1305,84,42,1098,87,16260,4005,91,12.1,40,10162,86
Washington and Lee University,1,3315,33,68,1584,99,13750,4619,96,9.6,45,15736,90
Washington College,1,1209,77,31,822,94,15276,5318,86,11.2,37,10830,65
Washington State University,0,6540,89,31,14445,91,8200,4210,87,16.9,30,10912,56
Washington University,1,7654,68,62,4879,79,18350,5775,98,3.9,31,45702,90
Wayne State College,0,1373,100,6,2754,85,2700,2660,68,20.3,29,4550,52
Waynesburg College,1,1190,82,12,1280,95,8840,3620,58,16.2,26,6563,63
Webber College,1,280,51,5,327,74,5590,2900,63,15.1,4,4839,90
Webster University,1,665,69,17,1739,52,9160,4340,68,20.6,14,6951,48
Wellesley College,1,2895,43,80,2195,93,18345,5995,98,10.6,51,21409,91
Wells College,1,318,75,40,416,95,14900,5550,98,8.3,42,13935,69
Wentworth Institute of Technology,1,1480,84,6,2961,83,9850,6050,68,15.4,8,17858,64
Wesley College,1,980,82,10,872,66,9890,4674,57,14.4,15,6243,84
Wesleyan University,1,4772,41,60,2714,99,19130,5600,94,12.1,39,16262,92
West Chester University of Penn.,0,6502,54,11,7484,79,7844,4108,79,15.3,16,6773,52
West Liberty State College,0,1164,91,12,2138,90,4470,2890,33,16.3,10,4249,60
West Virginia Wesleyan College,1,1566,89,28,1509,89,14200,3775,81,16.4,42,8080,67
Western Carolina University,0,3224,78,11,5000,87,6390,2380,78,14.6,9,6554,55
Western Maryland College,1,1205,81,31,1071,91,14510,5340,91,12.5,39,10026,60
Western Michigan University,0,9167,78,24,15739,78,6940,4100,84,24.7,11,5983,55
Western New England College,1,1650,89,7,1803,61,8994,5500,97,15.4,15,8409,59
Western State College of Colorado,0,2702,60,7,2315,94,5918,3755,79,19.4,4,4599,52
Western Washington University,0,5548,64,30,8909,94,8124,4144,89,22.7,10,7203,61
Westfield State College,0,3100,69,3,3234,77,5542,3788,79,15.7,20,4222,65
Westminster College MO,1,662,83,20,665,94,10720,4050,70,12.5,20,7925,62
Westminster College,1,996,86,29,1411,95,12065,3615,78,12.5,41,8596,80
Westminster College of Salt Lake City,1,917,78,21,979,56,8820,4050,83,10.5,34,7170,50
Westmont College,0,950,75,42,1276,99,14320,5304,77,14.9,17,8837,87
Wheaton College IL,1,1432,64,56,2200,97,11480,4200,83,12.7,40,11916,85
Westminster College PA,1,1738,78,21,1335,97,18460,5970,96,13.2,41,22704,71
Wheeling Jesuit College,1,903,83,15,971,76,10500,4545,71,14.1,27,7494,72
Whitman College,1,1861,53,45,1220,96,16670,4900,83,10.5,51,13198,72
Whittier College,1,1681,63,35,1235,97,16249,5699,92,13.6,29,11778,52
Whitworth College,1,1121,82,43,1270,88,12660,4500,80,16.9,20,8328,80
Widener University,1,2139,69,24,2186,50,12350,5370,86,12.6,19,9603,63
Wilkes University,1,1631,87,15,1803,74,11150,5130,92,13.3,24,8543,67
Willamette University,1,1658,80,49,1595,90,14800,4620,94,13.3,37,10779,68
William Jewell College,1,663,82,32,1279,94,10060,2970,80,11.2,19,7885,59
William Woods University,1,469,92,17,851,87,10535,4365,66,12.9,16,7438,52
Williams College,1,4186,29,81,1988,98,19629,5790,99,9.0,64,22014,99
Wilson College,1,167,77,16,199,22,11428,5084,76,8.3,43,10291,67
Wingate College,1,1239,82,10,1207,88,7820,3400,81,13.9,8,7264,91
Winona State University,0,3325,61,20,5800,86,4200,2700,60,20.2,18,5318,58
Winthrop University,0,2320,77,24,3395,83,6400,3392,80,12.8,26,6729,59
Wisconsin Lutheran College,1,152,84,17,282,92,9100,3700,48,8.5,26,8960,50
Wittenberg University,1,1979,87,42,1980,93,15948,4404,95,12.8,29,10414,78
Wofford College,1,1501,62,51,1059,96,12680,4150,92,15.3,42,7875,75
Worcester Polytechnic Institute,1,2768,83,49,2802,97,15884,5370,94,15.2,34,10774,82
Worcester State College,0,2197,68,4,3089,60,6797,3900,60,21.0,14,4469,40
Xavier University,1,1959,92,24,2849,72,11520,4960,75,13.3,31,9189,83
Xavier University of Louisiana,1,2097,91,34,2793,94,6900,4200,75,14.4,20,8323,49
Yale University,1,10705,22,95,5217,98,19840,6510,96,5.8,49,40386,99
York College of Pennsylvania,1,2989,62,28,2988,63,4990,3560,75,18.1,28,4509,99
